battery_power,clock_speed,dual_sim,n_cores,ram,wifi,price_range
842,2.2,0,,2549,1,1
1021,0.5,1,,2631,0,2
563,0.5,1,,2603,0,2
615,2.5,0,6,2769,0,2
1821,1.2,0,2,1411,0,1
1859,0.5,1,1,1067,0,1
1821,1.7,0,8,3220,1,3
1954,0.5,1,4,700,1,0
1445,0.5,0,7,1099,0,0
509,0.6,1,5,513,0,0
769,2.9,1,5,3946,0,3
1520,2.2,0,8,3826,1,3
1815,2.8,0,4,1482,0,1
803,2.1,0,4,2680,1,2
1866,0.5,0,1,373,1,0
775,1,0,2,568,1,0
838,0.5,0,8,3554,1,3
595,0.9,1,3,3752,0,3
1131,0.5,1,5,1835,0,1
682,0.5,0,4,2337,1,1
772,1.1,1,7,2819,0,3
1709,2.1,0,2,3283,0,3
1949,2.6,1,4,1433,1,1
1602,2.8,1,3,1037,0,0
503,1.2,1,3,2583,0,1
961,1.4,1,8,2782,1,2
519,1.6,1,4,3763,1,3
956,0.5,0,7,3286,0,3
1453,1.6,1,2,2373,1,2
851,0.5,0,5,478,1,0
1579,0.5,1,7,3532,1,3
1568,0.5,0,8,508,1,0
1319,0.9,0,1,2227,1,1
1310,2.2,1,4,3845,0,3
644,2.7,0,8,1262,0,0
725,1.3,1,8,1326,0,1
589,2.3,1,4,2113,1,1
1725,1.6,1,2,3429,0,3
790,2,1,6,3169,1,2
560,0.5,1,2,2150,0,2
1347,2.9,0,1,2484,1,2
1646,2.3,0,2,3339,0,3
1253,0.5,1,2,1878,0,1
1656,1,0,3,1629,0,1
1195,2.8,0,2,504,0,0
1514,2.9,0,3,1152,1,1
1723,1.1,1,8,3587,0,3
1054,1.8,1,7,2296,1,1
578,2.6,1,8,1270,1,0
596,2.1,1,8,3238,0,3
1547,3,1,3,2059,1,2
1760,1.4,1,8,2053,0,2
1654,1.5,1,2,3112,0,3
1457,1.9,1,3,1440,1,1
1073,0.5,1,7,2908,0,2
1936,2.1,1,3,2552,0,2
823,2.7,1,8,905,1,0
987,1.3,1,3,3963,1,3
1757,0.5,0,6,2056,0,1
1063,1.4,1,5,2910,1,2
1484,3,0,3,1457,0,1
799,2.3,0,8,431,1,0
1156,1.2,1,2,470,0,0
1720,2,0,2,2148,1,2
702,2.6,1,3,2955,0,2
616,1.9,1,3,3366,0,3
1358,0.5,0,4,3068,0,3
1866,1.4,0,3,3834,0,3
1242,1.1,1,2,1050,1,0
1166,1.5,1,4,3993,0,3
1448,0.5,1,7,3378,1,3
1407,2.4,0,4,2192,1,2
605,1,0,3,392,0,0
1038,1.2,0,1,3709,1,3
797,2.9,1,4,590,0,0
819,0.6,1,6,1814,1,1
1114,2.8,0,3,907,0,0
1234,1.6,1,1,1449,1,0
1199,2.5,1,4,3448,1,3
1103,1,1,6,1837,1,1
1589,0.6,1,7,3464,1,3
999,2.9,1,4,2593,0,2
1510,0.9,1,5,3484,1,3
1008,0.8,0,3,2009,0,1
1127,2.9,1,1,2048,1,1
1412,2.4,0,8,837,1,1
1496,2,1,5,854,1,0
1083,2.9,1,3,3210,0,3
668,0.5,1,5,2746,1,2
1309,1.1,1,4,2334,1,2
1724,2,1,3,2822,0,3
1977,2,1,7,1971,0,2
885,2.3,1,7,1410,1,0
879,2.5,0,6,349,1,0
1322,1.7,1,3,1418,0,1
1137,1,0,3,3616,1,3
1355,2.3,0,5,880,0,0
1665,0.5,0,6,1601,0,2
657,2.5,0,2,1412,0,0
593,0.5,0,7,1692,0,1
1883,0.5,0,6,2600,0,3
1732,1.1,0,8,1308,1,1
543,0.5,0,5,2413,0,1
1939,2.8,1,4,1047,0,0
553,2.4,1,7,1204,1,0
832,0.7,1,4,1799,1,1
1661,1.9,1,5,2676,1,3
1657,2.4,0,5,2597,0,3
1135,2,1,1,3029,1,3
1775,1.5,0,1,2343,1,3
783,1.8,1,3,2016,0,1
617,2.3,0,7,2213,0,1
867,1.4,1,6,790,0,0
1310,1.1,1,5,3182,0,2
1804,0.5,0,7,3472,1,3
1900,2.3,0,7,2871,1,3
909,1.4,0,8,3187,0,2
1084,2.6,0,3,1945,0,1
1308,1.3,1,1,488,0,0
1778,0.5,0,3,1214,0,1
1701,1.6,1,8,2598,0,2
772,2.4,1,4,3242,0,3
825,0.5,1,3,3534,0,3
1379,1.1,0,2,3426,1,3
1166,2,0,5,2488,0,2
1659,2.8,0,1,3255,1,3
826,2.4,1,4,2863,1,2
1564,2.3,0,6,1496,1,1
1957,0.9,1,3,3801,1,3
1571,1.4,0,6,666,0,0
1414,2,1,7,3799,1,3
1790,2.5,1,1,1366,1,1
645,0.5,0,7,2962,1,2
668,2.9,1,8,2399,1,1
1652,1.1,1,4,2338,0,2
1213,0.5,0,5,2700,1,2
1272,2.5,1,6,2235,0,1
866,0.5,1,8,3825,1,3
536,2.4,1,7,284,0,0
523,2.6,1,8,1427,0,0
1753,0.5,1,1,1324,1,2
1218,1.8,1,3,398,0,0
1537,2.5,0,1,3685,1,3
786,2.2,1,7,2390,1,2
1678,2.1,0,3,278,0,0
1814,1.4,1,2,3556,0,3
1101,1.8,0,2,2196,1,1
1461,2.4,1,7,3799,0,3
1216,3,0,3,2268,1,2
506,1.6,0,1,2965,0,2
843,0.5,0,5,2341,1,1
742,2.2,1,7,3557,1,3
1692,2.1,0,6,1354,0,1
1485,1,0,2,2147,0,2
1547,2.9,1,2,505,1,0
1692,2.3,1,1,1394,0,1
637,2.3,0,4,374,1,0
1224,0.5,0,6,506,1,0
1356,2.8,0,6,3702,0,3
1840,0.5,1,1,1078,0,1
1481,0.7,1,5,2945,1,2
961,1.5,1,6,2981,1,2
1296,0.9,1,5,490,1,0
1193,0.9,0,1,536,1,0
1441,2.1,1,8,2317,1,2
517,1.4,1,4,3704,1,3
748,1.7,0,8,2126,0,1
1126,2.4,0,6,2050,1,2
1572,0.6,0,7,2462,0,3
1569,2.8,1,4,1260,0,1
1270,0.6,1,7,3770,0,3
1854,3,0,5,1886,0,1
625,1.2,1,4,3323,1,2
1577,0.5,1,5,2060,0,2
534,0.5,1,5,3926,0,3
946,1.7,1,6,2177,1,2
685,0.5,0,7,728,1,0
1949,1.3,1,5,2478,0,3
947,0.8,1,2,2842,0,2
801,2.2,1,7,1617,1,1
703,2.7,0,1,1472,0,0
1165,2.4,0,6,764,0,0
1082,0.8,0,8,2337,1,2
959,2.6,1,4,3965,0,3
1502,1.2,0,5,3693,0,3
1380,2.1,1,3,797,0,0
1266,0.5,0,6,1687,0,2
1934,2.6,1,1,2940,1,3
1905,0.5,0,1,1545,0,1
1831,1.4,1,5,3834,1,3
596,1.4,0,1,2505,0,1
1562,1.3,1,5,2243,0,2
1490,0.5,1,8,3600,1,3
1523,2.4,0,2,3971,1,3
640,0.6,0,4,2844,0,2
1526,2.1,0,7,2227,0,2
1989,2.5,1,3,1665,1,2
1308,1.9,0,3,3355,1,3
609,0.5,0,4,1866,1,1
1905,0.6,1,3,1287,0,1
1703,0.5,0,1,1046,1,0
1445,2.4,1,7,1441,1,1
1087,1.3,0,3,690,1,0
671,0.9,1,7,2504,0,2
1472,2.3,0,6,2677,0,2
765,0.5,1,8,2243,1,2
1642,0.5,1,6,2984,1,2
1265,1.5,0,5,1362,1,1
664,1.1,1,7,3629,1,3
1277,0.5,1,6,3559,0,3
1395,1.8,1,3,2571,1,2
1539,2.6,0,8,2107,1,2
1049,2.2,0,5,1022,0,0
1827,1.7,0,5,2844,0,2
903,1,1,1,711,0,0
1987,0.5,0,3,3117,1,3
1154,1.2,1,8,978,1,0
1336,0.9,0,5,1869,1,1
1886,0.5,0,3,1179,1,1
1551,1.1,0,5,3844,0,3
850,1.6,1,5,593,1,0
660,0.5,0,2,588,1,0
1225,2.1,1,4,3836,0,3
1452,0.5,1,6,2669,0,2
1686,2.8,1,4,2958,0,3
1634,1.4,0,2,3031,1,3
1708,2.4,1,1,3388,1,3
1151,2.9,1,8,2377,0,2
1578,1.9,1,4,2458,1,2
1689,1.8,0,3,2766,1,3
1488,0.5,0,5,3054,0,3
1313,1.8,1,1,3791,1,3
1715,1,1,8,625,0,0
1442,1,1,3,2227,0,1
528,1.7,0,2,3256,0,2
1523,1.8,0,1,707,0,0
1133,1.4,0,5,1457,1,1
1718,2.5,1,5,3755,1,3
1330,0.5,0,7,1733,1,1
1799,0.5,0,4,720,1,0
633,2.2,0,8,3560,1,2
724,2.7,1,7,2311,0,2
822,0.5,0,6,3846,0,3
1918,1.9,0,5,1717,1,2
1891,2.8,0,7,3704,0,3
1373,1,1,7,3800,0,3
862,0.8,1,2,278,1,0
1273,1,0,4,1767,0,1
957,2.5,0,5,1846,1,1
1617,1.3,1,2,829,0,0
893,2.5,1,2,2986,1,2
1210,0.5,0,5,2394,0,2
708,2.7,1,8,2169,1,1
835,1.1,1,4,1181,1,0
1450,2.7,1,1,575,0,0
973,1.5,0,7,2977,0,2
601,1.4,0,4,532,1,0
507,0.5,1,7,1702,1,1
564,1.8,1,3,1074,0,0
1559,1.6,1,6,3352,1,3
754,0.5,1,7,1027,0,1
728,2.7,1,4,2039,1,1
1431,0.5,0,1,461,0,0
767,1.5,0,4,527,0,0
1722,2.6,0,2,3271,1,3
1992,1.6,0,2,606,1,1
1876,0.5,0,6,2513,0,3
1054,1.1,1,6,1675,1,1
1283,1.6,1,5,2698,0,2
1281,2.3,1,1,1129,0,1
1066,0.6,0,7,468,0,0
730,2.1,1,8,1210,1,0
1053,0.8,1,1,3086,1,3
1611,0.5,1,3,1595,1,1
793,1,1,2,2332,1,2
1220,2.9,0,4,2589,1,2
1662,0.5,0,4,3760,1,3
1281,2.8,1,4,1851,0,1
538,0.8,0,7,417,1,0
823,0.5,0,8,294,1,0
1733,2.8,0,6,3576,0,3
1429,1.5,1,3,3945,1,3
1839,1.2,0,7,927,1,1
659,2.7,0,3,2044,1,1
1953,2.1,1,8,2334,0,2
1172,1.9,0,1,1477,0,1
612,1.9,1,7,3161,0,3
1563,2.4,0,8,3660,0,3
1191,1.3,1,1,1604,1,1
615,0.5,1,6,2211,1,1
1893,2.1,1,2,3822,1,3
1563,1.7,1,7,3922,1,3
1995,1.9,0,6,1203,1,2
1517,0.5,0,5,2822,1,3
832,1.6,1,5,447,0,0
1162,2,0,7,1652,0,1
1595,2.6,0,8,3608,0,3
1329,1,0,6,1228,1,1
928,0.5,1,8,666,0,0
1656,0.5,1,7,1499,1,1
1937,1.7,0,1,3321,0,3
977,1.1,1,6,1206,1,0
768,0.9,0,1,952,1,0
1464,0.5,1,2,3927,1,3
1177,0.9,0,2,311,0,0
1348,2,0,3,955,1,1
1956,2.2,0,3,1109,0,1
1751,0.5,1,6,2969,1,2
1530,2,0,6,725,1,0
1997,1.8,1,4,1655,0,2
1414,1.5,1,2,3490,0,3
1707,1.4,0,7,1774,0,2
894,0.5,1,3,3615,1,3
645,1.2,0,8,714,0,0
1163,2.8,1,2,2768,1,2
1126,0.7,0,8,3739,0,3
1648,0.7,0,4,610,0,1
1170,0.9,0,2,715,1,0
508,0.8,0,1,663,0,0
1097,2.1,1,3,1725,1,1
728,1.7,1,2,834,0,0
1980,0.5,1,1,3865,0,3
1504,2.3,1,1,3059,0,3
1379,2.1,1,1,651,0,0
1698,2.1,0,6,796,1,0
920,2.1,1,7,785,1,0
1144,1.5,1,1,3252,0,2
1995,0.5,0,1,1322,1,1
1430,0.5,1,1,2832,1,2
972,0.5,1,5,1615,0,1
662,0.5,0,1,2125,1,1
1867,2.3,0,6,990,1,1
1730,2,1,4,1595,0,1
1723,1,0,3,1213,1,1
1882,1.3,1,2,2500,1,2
803,0.8,1,4,2801,0,2
580,1.2,1,3,3451,0,3
668,2.3,0,1,1201,0,0
1391,1.4,0,1,3139,0,2
1560,2.3,0,7,1938,1,2
821,1.8,1,3,3185,0,2
811,2.4,1,6,2111,1,1
1989,2.9,1,8,2369,0,2
1034,2.7,1,7,3625,1,3
618,2.1,0,1,1051,1,0
654,1.3,0,4,1036,0,1
576,2.8,0,5,2938,1,2
667,0.6,0,6,2855,1,2
869,1,0,1,2727,0,2
635,0.5,1,3,2973,1,2
609,3,0,1,2581,1,1
1557,2.8,1,5,2690,1,3
1604,1.7,0,8,916,1,0
1182,0.5,0,8,2563,0,2
848,2.1,1,7,3359,0,2
1610,2.9,0,4,941,0,1
1828,2.1,1,1,2280,0,2
880,2,1,7,827,1,0
1394,0.9,1,5,473,0,0
1960,2.3,1,7,3865,0,3
809,0.8,0,7,1274,0,1
899,0.5,1,2,364,0,0
1976,0.7,1,2,3699,1,3
879,1.5,1,4,2927,1,2
916,2.6,0,4,1470,0,0
763,1.7,1,8,1050,0,0
508,1.6,1,6,2616,1,2
825,2.9,1,8,2915,0,3
1864,1.4,0,1,2686,1,2
1725,0.5,1,6,1243,1,1
1108,2.9,0,2,3264,1,3
1011,1.1,0,7,2261,1,1
1703,1.5,1,5,2993,1,3
1067,1.7,1,7,706,0,0
1334,2.4,0,5,2542,0,3
775,2.6,0,7,2523,1,2
1899,0.6,0,2,336,1,0
930,1.3,1,6,2457,0,1
1058,1.5,0,4,418,1,0
1187,2.2,0,2,3917,1,3
1874,2.7,1,7,1246,1,1
1482,0.5,0,7,2971,1,2
1809,1.7,0,3,2324,1,2
864,3,1,2,3121,1,2
625,1.9,0,1,3801,0,2
1880,1.8,0,3,3333,0,3
1138,1.4,0,8,3475,0,3
560,0.5,0,8,2360,1,1
1117,0.5,0,7,2895,0,2
1712,1.4,0,7,3652,0,3
1836,1.7,1,6,3097,0,3
1036,2.4,0,7,2101,0,1
1860,2.3,0,4,3918,0,3
1375,1.1,0,7,3869,1,3
1945,1.6,1,4,732,0,1
1896,0.5,1,2,3684,0,3
788,2.5,1,8,3969,1,3
880,1.7,1,2,1414,0,0
1323,2.5,1,4,1892,1,1
1868,2,1,1,3131,1,3
1266,1.9,1,3,2532,1,2
1042,2.7,1,7,3215,1,3
1479,0.5,0,3,3323,1,3
1476,1.2,1,4,1529,1,2
1552,2.2,0,6,2403,1,2
1454,0.5,1,4,3419,0,3
1007,2,0,5,3648,0,3
652,2.4,1,5,1974,0,0
1504,1.5,0,8,2806,1,2
1726,0.9,1,4,2239,1,2
1029,1.9,1,5,582,1,0
1582,2.8,0,6,3890,1,3
1478,0.8,1,5,1141,1,1
1178,1.3,0,5,2511,0,2
707,2.1,1,3,3838,1,3
755,2.8,0,4,2734,1,2
912,2,0,8,2330,0,1
651,0.8,1,5,2244,0,1
1483,2.1,0,7,1851,0,1
914,0.9,0,2,808,0,0
1456,0.5,1,5,1587,1,1
1178,2.2,1,3,2492,0,2
1503,0.7,0,4,2122,0,2
1681,2.5,0,2,1122,1,0
715,2.3,1,4,3709,0,2
1876,2.8,1,3,3021,0,2
1190,2.2,1,6,624,1,0
1755,1.3,0,7,3937,1,3
1197,1.3,0,6,1797,1,1
1048,0.9,0,2,1458,1,1
1887,3,1,8,3348,0,3
1772,0.5,1,8,1834,1,1
1421,2.8,0,1,2775,1,3
1464,0.5,1,6,1277,0,1
728,2.3,1,4,457,1,0
954,0.5,0,2,438,0,0
685,0.5,1,7,3210,1,3
1472,2.8,1,6,985,0,1
853,2,0,2,3701,0,3
1469,2.1,0,7,1052,0,0
1310,2.3,1,8,1175,0,0
1654,1.8,0,7,1070,1,1
902,0.7,0,7,3411,1,3
1448,1.4,1,3,1175,0,1
1631,0.9,1,7,301,0,0
1608,1.8,1,2,489,1,0
1991,2.7,0,2,1733,0,2
1349,2,1,5,2756,0,2
1589,2.5,0,1,2612,0,2
1844,2.3,1,8,1724,1,1
712,0.5,1,2,2190,1,1
972,1.7,0,3,1900,1,1
1406,0.5,1,3,3915,1,3
1289,0.9,0,6,1043,0,0
932,1.3,0,7,3817,1,3
1747,0.9,0,3,2362,0,2
1172,2.1,1,3,1107,0,1
1128,1.4,0,5,2982,0,3
664,1.2,1,5,2042,0,1
513,0.5,0,4,1343,0,0
1742,2.3,1,7,2610,1,2
1512,1.7,0,7,2335,1,2
1986,0.5,1,8,1614,1,1
965,1.5,1,2,1138,0,0
1067,2.4,1,8,604,0,0
1583,1.6,0,3,3652,0,3
1653,0.5,1,4,3955,1,3
1433,1.6,0,8,258,1,0
765,2.9,0,7,1066,0,0
1845,0.5,1,1,1731,0,1
752,0.5,1,7,3860,0,3
1948,2.8,1,5,3630,0,3
1077,2.5,1,3,1965,0,1
932,0.5,0,4,1459,0,0
1968,0.9,0,3,2323,1,2
1122,1.2,0,4,3291,1,2
1588,0.5,0,1,3272,0,3
601,2.1,0,4,918,0,0
1615,0.5,0,4,3488,1,3
1589,2.2,1,4,3961,1,3
1417,2.7,0,6,590,1,0
1697,0.7,0,1,3701,0,3
1330,1.3,1,5,463,1,0
1476,0.5,0,2,3644,1,3
1579,1.5,0,6,1713,1,1
1277,3,0,4,429,1,0
1089,0.9,1,5,2765,1,2
1663,2.5,1,4,2084,0,2
1949,1.8,0,5,1125,0,1
1138,1.1,0,3,2048,1,2
685,2.7,0,6,1223,1,0
1889,2.8,0,1,3672,1,3
857,2,1,7,3100,0,2
1902,2.8,1,8,343,0,0
1225,2.4,0,5,1970,0,1
1066,1.6,0,5,2728,1,2
1554,0.5,1,3,3635,0,3
1337,0.5,0,2,2180,1,1
1926,1.7,1,3,2488,0,2
869,1.3,1,2,3864,0,3
1278,0.5,1,8,1155,1,0
1773,2.5,0,6,3566,1,3
1661,0.8,1,7,864,1,1
1438,2.2,0,7,869,1,0
1661,1.4,0,2,591,1,0
1846,0.6,0,1,1333,1,1
1260,2,1,7,2208,1,2
512,0.5,1,3,2610,1,2
581,2.2,0,5,2819,1,2
1872,2.3,0,3,1955,1,2
687,1.3,0,4,3416,0,3
1062,2.5,1,1,3803,1,3
1678,2.3,1,1,574,0,0
1417,0.5,0,4,2129,1,1
1074,2.4,1,6,1948,1,1
1832,0.7,0,7,2978,0,2
1039,1.3,0,8,1619,1,1
1059,2.4,0,3,3716,0,3
1606,1.4,0,4,3454,1,3
1928,1.8,0,3,3777,1,3
1875,0.5,1,1,2712,1,3
1128,1.1,0,8,1434,0,1
1748,1.7,1,3,3968,1,3
1413,0.5,1,5,3383,0,3
825,0.5,1,2,3278,1,3
1589,1.4,0,8,3970,1,3
535,0.5,1,8,2674,0,2
1780,0.5,0,4,2776,1,3
1671,0.6,1,2,2336,0,2
1821,0.9,0,1,2430,1,2
1076,2.6,0,6,891,0,0
532,0.8,1,5,728,0,0
777,2.6,0,5,3886,0,3
1217,0.5,0,4,1711,1,1
1656,1.6,1,7,2856,1,2
1185,1.9,0,8,2447,1,2
577,2.4,0,6,814,1,0
737,2.4,1,4,2951,0,2
704,2.2,1,6,3653,1,2
525,0.5,1,8,1891,0,1
504,0.5,1,1,701,1,0
793,1.2,1,4,3139,1,3
569,0.6,1,8,2811,1,1
1590,1.9,1,5,1701,1,1
707,0.5,0,2,1853,1,1
767,1.9,0,6,2445,1,1
1350,0.5,1,8,2287,0,1
1117,0.6,1,2,2003,1,2
641,1.1,0,1,3595,1,2
1002,0.8,1,2,1726,1,1
1408,2.1,1,5,3952,1,3
1900,2,1,8,850,1,1
726,2.9,0,8,1446,0,0
1544,2.3,0,8,1300,0,1
1454,1.6,0,4,719,1,0
1230,2.2,1,5,988,1,0
1552,1.2,0,8,2606,0,2
1519,2.1,0,1,2912,0,2
723,1.9,0,1,2339,1,2
1191,2.4,1,1,1028,1,0
1168,1.3,0,8,3173,1,3
1229,0.5,1,2,1667,1,1
1758,0.5,0,8,1897,0,2
1290,0.5,0,6,1214,1,1
574,2.8,1,6,3269,0,2
1271,0.5,0,7,445,1,0
1170,1.2,0,8,1073,0,0
1269,1.3,0,2,665,0,1
1288,2.8,1,2,3129,0,3
1366,0.7,1,2,3501,0,3
1572,0.8,1,5,3461,1,3
1627,0.9,1,6,3206,0,3
1701,0.5,0,2,3717,0,3
1900,0.5,1,1,3917,1,3
1974,1,0,7,861,1,0
1197,0.5,1,5,2885,1,2
587,2.3,1,1,2777,0,2
934,1.1,0,5,1017,1,0
1195,2,1,4,980,0,0
1853,1,0,1,2775,0,3
1164,1,0,8,3309,1,3
1512,0.5,0,3,3607,1,3
1232,2.9,1,5,1257,0,0
1813,0.6,1,3,759,0,0
946,2.6,1,3,3720,0,3
739,2.3,1,3,475,1,0
704,2.7,0,1,1122,1,0
1663,0.5,0,4,1336,0,1
1966,1.4,1,8,1185,0,2
1219,1,1,5,705,1,0
612,0.7,0,5,3169,0,2
1658,1.4,0,1,3483,1,3
1263,0.5,0,5,1183,1,1
1395,2.8,0,3,3373,0,3
621,2.7,1,4,2801,1,2
652,0.5,1,3,565,1,0
1175,0.6,0,2,3153,0,2
561,1,0,8,3421,1,2
1137,2.2,0,5,316,0,0
1835,2.3,0,7,448,0,0
1170,2.9,1,6,2366,1,1
1595,0.8,1,4,3881,1,3
1719,2,0,8,462,0,0
1770,2.3,1,7,1480,0,1
1312,0.5,1,2,1087,0,1
1878,1.5,1,5,2711,1,2
1871,2,0,7,2144,1,2
922,1.5,1,7,1165,1,0
1975,1.5,0,8,2998,0,2
1212,2.6,0,4,2249,1,2
1430,0.9,0,3,752,1,0
1958,1.9,1,2,1409,0,1
1836,2.1,1,7,3072,0,3
557,1.6,0,3,1305,1,0
539,0.6,1,7,3597,0,2
880,0.5,1,8,3132,1,2
1369,1.8,1,1,3856,1,3
1109,2.7,1,1,1524,1,1
843,1.8,1,5,3673,1,3
598,2.3,1,2,3293,1,2
972,2.7,1,4,3035,1,2
1944,0.5,0,6,584,0,1
1225,0.7,1,7,2675,0,2
644,1.3,1,1,2382,1,2
1919,1.5,0,4,1391,1,1
501,2.3,0,4,2346,1,1
1620,2.2,1,3,606,0,0
1227,1.1,1,3,1324,1,1
1359,0.5,1,6,1076,1,0
1914,0.7,0,8,643,1,1
1645,1.8,0,7,783,0,0
1063,1.1,0,5,3809,1,3
946,2.1,0,8,2104,0,1
1231,1.2,1,3,1762,0,1
1397,2.9,1,6,3137,1,3
701,0.7,0,3,1756,1,1
570,0.5,1,7,3663,0,3
1993,0.5,0,8,2437,0,2
955,0.5,1,5,1432,1,1
924,0.5,1,8,1620,0,1
600,0.5,0,5,1655,0,0
518,0.8,1,7,2832,1,2
1063,2.5,0,6,961,0,0
920,0.5,0,3,2608,1,2
1715,1.9,0,5,514,0,0
1841,1.3,1,8,2304,1,2
543,0.5,1,5,933,0,0
1762,2.7,1,1,1896,1,1
1112,0.5,1,4,3655,0,3
709,2,1,1,1973,1,1
1315,2.6,0,7,3278,0,2
1762,2.5,0,8,2183,0,2
1462,1.7,1,7,824,1,0
571,1.6,1,7,2598,0,1
666,0.5,1,3,1254,1,0
1994,1.5,1,8,3622,1,3
1583,2.1,1,7,1704,1,2
1778,1.4,1,4,1624,0,1
1926,1.1,0,6,3809,0,3
966,0.6,0,4,2574,1,2
568,2,0,3,950,0,0
1897,3,0,8,273,1,0
1695,0.5,1,3,446,1,1
1623,1.2,0,7,1510,0,2
914,0.5,0,4,1122,1,0
1721,0.5,1,4,707,1,0
890,2.2,1,8,751,0,0
600,0.5,0,3,3393,0,2
1677,1.8,1,6,3771,0,3
723,0.5,0,4,1851,0,1
638,1.7,1,4,2735,0,2
852,1,1,7,2253,0,1
1979,1.6,1,7,452,0,0
710,0.5,0,5,1419,0,0
1034,2.6,1,3,969,0,0
600,2.5,1,1,3441,0,2
1027,0.5,0,2,3786,0,3
1260,0.6,0,6,2710,0,2
1793,1.8,1,6,3533,1,3
675,2.3,0,5,1735,1,0
658,2.7,0,7,3587,0,3
1694,0.6,0,7,2298,0,2
804,0.8,1,1,2027,0,1
1713,2.5,1,7,2406,1,2
706,0.5,0,3,2419,1,1
1362,0.5,0,7,995,1,0
1527,2.7,0,5,2078,1,2
768,0.5,1,2,1145,1,0
1314,2.9,1,4,626,1,0
705,0.5,0,6,1509,1,1
1403,2.7,0,5,3371,1,3
1486,2.6,0,4,297,0,0
781,1.1,0,5,3508,1,3
986,1.5,0,8,2385,0,1
1310,1.4,0,1,1301,1,1
560,2,1,3,2167,1,1
1348,1.3,0,5,3914,1,3
1567,0.5,1,6,2312,0,2
1940,0.9,1,5,2297,0,2
1979,2.9,1,3,411,1,0
561,2.1,1,3,665,0,0
1717,1.3,0,1,3226,0,3
535,1.5,0,1,740,0,0
1413,0.5,1,5,3878,0,3
1358,2.5,1,7,3406,1,3
1519,2.9,0,7,2440,1,2
1254,1.2,1,5,3959,0,3
1591,2.2,0,6,3703,0,3
977,2.8,1,2,3714,1,3
1640,0.7,0,7,337,0,0
663,0.8,1,2,3176,1,2
1744,1,0,8,1205,0,1
1624,1.6,1,2,2473,0,2
1108,1.3,1,7,1229,0,0
1188,1.4,1,2,2896,1,3
817,1.3,0,3,2039,0,1
863,1.6,1,4,520,1,0
1397,2.4,1,3,1378,1,1
1108,1,0,5,3254,0,3
1068,2,1,7,1803,0,1
1702,2.3,0,2,2501,0,3
808,0.5,1,4,3762,1,3
1156,0.5,0,7,1796,1,1
1271,0.5,1,8,990,1,0
696,0.5,0,3,2630,1,1
1981,1.9,1,6,1380,0,1
614,1.7,1,7,3487,1,2
1590,0.6,1,3,1201,1,1
1945,1.6,0,3,3015,0,3
1135,2.8,1,1,3204,0,3
1049,0.6,1,6,433,0,0
1807,2.1,0,1,1906,1,2
984,0.5,0,7,898,0,0
720,1.4,1,7,2799,1,3
1536,0.8,0,7,2020,0,2
771,0.5,0,4,770,0,0
503,2.5,0,6,305,1,0
675,2.4,0,7,2953,0,2
1936,1.9,1,7,1671,1,1
1303,1,1,3,2574,1,2
1004,2.9,1,6,3772,1,3
1972,1.2,1,2,2870,0,3
1822,1.2,0,6,2577,0,2
1159,2.8,0,1,2246,0,1
1782,2.8,1,1,2405,1,2
894,2.1,1,8,3377,1,2
1884,2.1,1,1,3619,1,3
1648,0.5,0,2,1184,1,1
798,2.4,0,3,2965,0,2
802,2.4,1,3,3713,0,3
1276,2.9,1,2,3798,1,3
1331,1.6,0,2,1026,1,1
1620,2.6,1,6,1086,0,1
1996,2.5,0,4,2236,1,2
1092,2.7,1,1,1303,1,1
1018,0.7,1,5,3048,1,2
545,0.5,0,3,616,1,0
554,1.3,0,6,3764,1,2
1264,2.9,1,3,419,1,0
1030,1.6,1,6,2858,1,3
1432,1.7,1,4,504,0,0
558,2.8,0,5,392,1,0
829,0.5,0,7,820,1,0
1741,1.8,0,8,3387,0,3
1849,2.3,0,5,3447,1,3
733,2.1,0,7,1403,0,0
1872,0.9,1,2,2295,1,2
1853,0.5,1,6,1973,1,2
1149,2.2,0,6,3755,0,3
891,0.5,1,2,2073,1,1
1911,2,0,8,3872,0,3
550,0.5,0,2,302,0,0
576,0.8,0,2,1519,1,1
1760,1.9,0,1,2549,0,2
969,2.4,0,7,404,1,0
1160,1.1,0,3,595,1,0
827,1.1,1,2,1663,1,0
1786,0.5,0,7,2764,1,3
774,0.6,1,1,2614,1,2
819,2.5,1,8,1094,0,0
1042,2.2,0,5,2826,0,2
1368,3,1,7,2496,1,2
1592,2.1,0,2,2103,0,1
1067,1.8,1,1,966,1,0
1892,0.7,0,4,2172,1,2
915,1.1,0,8,905,0,0
774,2.8,0,3,3916,0,3
1848,1.4,1,2,3902,1,3
1501,1.1,0,1,2487,1,2
1614,1.9,0,3,3914,0,3
911,2.9,0,5,363,0,0
1520,0.5,0,5,3233,1,3
1647,1.4,1,6,2532,1,2
1347,0.9,1,6,3836,1,3
967,1.6,0,8,3076,1,2
1442,2.2,0,5,1513,0,2
1204,2.6,0,7,1724,0,1
1320,2.1,1,7,542,0,0
1800,0.7,0,7,3481,1,3
1567,2.1,1,3,3991,0,3
1439,0.9,0,1,1790,1,1
1422,1,0,1,509,1,0
1591,2.2,1,3,282,1,0
880,1.7,0,4,3006,0,2
1929,0.5,1,6,1913,0,1
1642,1.6,1,5,1333,1,2
1511,2.5,1,3,3746,0,3
1312,1.3,0,2,3941,1,3
1852,1.4,0,1,3970,1,3
972,1.3,0,7,3925,0,3
691,2.7,1,4,424,1,0
807,0.5,0,5,1284,1,0
1113,0.6,1,1,277,1,0
721,1.3,1,1,1713,1,1
1188,1.5,1,6,485,0,0
1512,0.5,0,1,3002,1,2
805,0.7,0,4,418,1,0
918,0.9,1,7,1652,0,1
1320,0.5,1,5,2893,1,2
1236,0.9,1,1,1406,1,0
1387,0.5,0,3,629,0,0
1883,2.7,1,2,3724,1,3
839,2,1,7,3835,0,3
1593,1,0,8,1354,1,1
1722,1,0,6,2376,1,3
1954,0.6,1,3,3438,0,3
1788,0.5,1,6,2655,1,2
1628,0.5,0,6,3361,0,3
1965,0.5,0,7,3535,1,3
833,2.2,0,1,2150,1,1
571,0.6,0,3,2587,0,1
1808,0.5,1,2,2736,1,3
1860,0.5,1,6,676,1,0
1368,1.6,1,7,2941,0,3
1161,1.3,1,8,3336,1,3
1224,1.6,0,1,3796,0,3
902,0.6,1,5,3654,1,3
787,0.5,0,1,2934,1,2
854,0.5,0,8,2889,1,2
1184,1.5,1,1,3315,1,3
1973,1.6,1,4,1993,0,2
510,1.7,1,3,2509,1,1
966,2,0,2,3534,1,3
1438,1.8,0,8,2246,0,2
1986,0.5,0,3,3165,0,3
1907,2,0,7,286,1,0
1489,2.4,1,1,776,0,0
1843,1.8,1,6,3213,0,3
825,1.5,0,3,716,0,0
1286,2.3,0,2,424,0,0
840,0.6,0,7,3486,0,3
757,2.3,1,4,3237,1,2
814,1.1,1,2,1944,0,1
1195,1.1,1,6,643,0,0
767,0.8,0,4,2317,1,2
1068,1.3,0,8,1436,0,1
994,2.8,1,3,3190,1,2
1550,2.5,0,2,2338,0,2
1878,0.5,0,8,1334,0,1
623,2,0,3,3657,0,2
1829,0.5,0,5,2080,1,2
525,2.4,1,7,1609,0,0
1065,0.5,0,2,3078,1,2
1425,1.2,0,8,590,1,0
1296,1.4,1,7,2552,1,2
642,2.8,0,2,3355,0,2
1664,2.9,1,7,1968,0,2
1498,0.7,0,7,3358,0,3
981,1.9,1,3,1539,0,0
1236,2.8,0,4,942,1,0
1673,2.8,1,3,3669,1,3
712,1.6,0,2,3612,0,3
569,0.5,1,3,2351,0,1
603,0.7,1,6,604,1,0
1332,0.8,1,2,1285,0,1
1413,0.6,0,1,515,0,0
1064,2.9,1,6,654,0,0
1444,0.6,0,5,2540,1,3
1366,1.7,1,5,3869,1,3
906,2.1,1,2,3412,0,3
1554,2.7,1,5,509,0,0
1187,2.3,0,6,2547,0,2
1156,2.7,1,3,2735,1,2
1918,2.8,0,1,1369,1,1
841,0.5,1,6,2942,1,2
730,1.3,1,7,2812,0,2
878,1.3,0,4,3497,0,2
1059,0.5,1,8,619,1,0
1578,2.9,0,1,3483,0,3
1829,1.7,0,5,1475,0,1
1132,1,0,1,1950,1,1
1652,0.6,1,7,3592,0,3
912,0.5,1,5,3573,0,3
1181,2.3,0,2,2020,0,1
1497,0.7,0,3,1329,0,2
1790,2.3,1,3,3568,1,3
1742,1.6,0,1,1947,1,2
1549,0.5,0,5,1998,0,2
1372,2.7,0,4,725,0,0
1112,0.5,0,4,3302,1,3
1005,0.5,0,8,3884,1,3
783,1.7,1,6,1185,1,0
1698,2.5,0,2,1656,1,2
899,2.7,0,4,2870,1,2
1062,1.5,0,3,911,0,0
989,2,0,3,3892,0,3
1983,1.2,1,1,3897,1,3
1800,3,0,1,656,1,0
1254,1.7,0,3,606,1,1
868,1.7,0,4,1653,0,1
1205,0.5,1,4,860,1,0
1284,2.8,1,2,2197,1,1
626,0.7,1,2,3458,1,2
1763,2.9,1,4,2066,1,1
694,1.8,1,4,3676,1,3
1265,0.6,1,1,1518,1,1
816,0.5,0,3,1018,0,0
904,1.8,0,3,1360,0,0
979,0.5,1,7,3449,0,3
1531,2,0,6,2524,0,2
934,2,1,8,703,1,0
1624,2.6,1,3,1251,1,1
874,1.3,0,1,582,0,0
1027,2.2,0,5,1732,1,1
1966,0.8,1,1,1252,1,2
1048,1.5,0,1,2146,0,1
1496,1.9,1,4,1927,1,1
959,1.7,0,4,3328,1,2
1349,2.2,1,7,2462,1,2
1689,2.4,1,2,1172,1,0
1558,2.4,0,1,3598,1,3
582,0.5,1,3,2437,1,2
1485,2.8,0,4,3271,0,3
1991,1.8,0,3,1511,0,1
553,0.5,1,3,2981,0,2
1231,0.7,1,1,3119,0,3
805,0.8,0,6,3647,1,3
764,1.2,1,8,3148,0,2
894,0.9,0,3,2829,1,2
1589,2.6,0,3,2373,0,2
1456,1.6,1,8,3998,0,3
743,0.5,1,2,316,0,0
1061,2.1,0,7,999,0,0
1428,1.6,0,4,1808,0,1
674,2.8,1,3,589,0,0
832,1.1,0,6,3317,0,3
1625,0.5,1,8,670,0,0
907,1.4,1,1,584,0,0
1631,0.5,0,2,2173,0,2
1584,1.3,0,4,1561,1,1
1382,0.5,0,2,2073,1,1
633,1.4,0,6,1401,0,1
1444,2.1,0,7,3764,0,3
852,1.6,1,5,1275,1,0
922,0.7,0,8,1464,1,1
1745,1.5,1,3,2885,1,3
862,2.3,0,8,3458,1,3
1754,2.1,1,4,3019,1,3
1008,2.5,0,1,1083,0,1
1569,0.5,1,1,3538,1,3
1596,2.9,1,2,2493,1,2
1807,0.5,1,6,3726,0,3
1660,2.8,1,1,1531,0,1
1861,0.9,0,7,601,0,1
648,1.9,1,5,2991,1,2
1379,0.5,1,8,3912,1,3
1910,1.7,0,2,309,1,0
1807,2,1,8,323,1,0
1923,0.5,1,1,1489,1,1
1345,3,0,3,1322,0,1
904,1.6,1,8,1846,1,1
1239,1.2,1,2,417,1,0
1330,0.9,0,4,3269,0,3
516,0.7,1,1,3731,0,2
672,0.5,1,4,667,0,0
892,0.5,0,1,1241,1,1
1778,0.5,0,6,3941,0,3
1130,2.5,0,5,1018,0,0
1359,0.6,0,2,3142,1,3
1866,2.5,1,5,1444,0,1
1597,2.3,0,1,934,0,0
1046,2.8,1,8,3863,1,3
1035,0.6,1,3,3506,0,3
1175,1.3,0,7,1944,0,1
1261,0.5,1,4,348,1,0
1068,0.7,1,4,550,0,0
1713,3,1,7,971,0,0
1688,2.5,0,7,3984,1,3
1413,0.5,1,5,2973,1,3
559,0.5,0,5,2019,1,1
1483,2.6,1,7,1587,0,1
860,1.6,1,7,1870,0,1
1090,1.3,1,4,1352,0,1
686,0.5,0,6,570,0,0
818,1.3,0,6,546,1,0
1456,1.6,1,3,3624,0,3
774,0.5,1,2,2944,1,2
1068,0.5,1,8,1209,0,0
1373,1.9,1,6,2752,1,3
1777,3,0,6,3868,1,3
594,0.8,0,5,3087,1,2
1524,2.6,1,2,947,1,0
511,0.6,1,3,1484,0,0
1402,0.6,1,7,347,1,0
965,0.5,0,8,3227,0,2
1270,2.3,0,5,3299,1,3
919,0.5,1,1,1028,0,0
1963,1,0,2,714,1,1
1977,1.3,1,8,2641,0,3
1881,2.2,0,5,1229,0,1
683,0.7,0,4,2622,1,2
772,2.6,1,2,929,1,0
536,1.4,0,3,1211,1,0
1694,1.8,0,6,1653,0,2
1633,1.7,1,2,511,0,0
1371,0.5,0,4,3034,0,2
551,2.8,0,7,1414,1,0
1221,0.5,0,1,2438,1,3
1000,0.5,0,8,3744,1,3
1986,2.7,1,4,1377,1,1
1119,0.5,1,4,3520,0,3
1699,0.5,1,4,3796,1,3
1099,0.5,0,3,1699,1,1
1576,2.6,0,3,336,1,0
950,0.5,0,5,1095,0,0
1081,2.5,1,3,325,1,0
606,2.5,0,4,1223,0,0
502,1.5,1,2,1649,0,1
957,0.7,0,2,1898,0,1
1658,1.4,1,5,2609,0,2
1681,2.5,1,1,2265,1,2
1983,0.5,1,6,2775,1,2
1753,1.2,0,7,1445,1,1
1632,1.4,0,4,2614,0,2
1949,1.4,0,7,356,0,0
1696,1.7,0,3,523,1,0
688,2.5,1,7,3745,0,3
1104,1.7,0,2,1229,1,0
1122,2.8,0,3,1402,0,1
504,0.5,1,5,2085,0,1
1154,0.5,0,7,587,1,0
1727,2.1,0,7,2457,1,3
1674,2.8,1,3,2030,0,2
1948,2.8,1,2,816,0,0
1218,2.8,1,7,1667,0,1
531,1.1,0,7,2958,0,2
1057,2.1,0,5,3705,0,3
576,1.2,0,8,2800,1,2
1960,2.1,0,7,3773,1,3
673,1.7,1,1,2050,0,1
718,0.7,1,1,1754,1,1
864,1.7,0,3,1904,1,1
547,1.9,1,5,2705,0,1
623,0.9,0,8,3537,1,3
1793,0.7,1,5,1370,1,1
1720,0.7,1,2,1222,0,1
812,0.5,1,4,3102,0,2
980,0.5,0,6,2268,0,2
643,1,0,8,2648,1,1
1925,3,1,8,2173,0,2
1408,2.5,0,4,3162,0,3
1522,0.7,1,1,1368,1,1
587,2.5,0,1,2746,1,2
1959,0.5,1,6,619,1,0
1872,0.5,1,6,724,1,1
1043,0.5,0,3,912,0,0
1809,0.5,0,6,2784,1,3
1703,0.5,0,6,793,0,0
1095,0.5,0,1,560,0,0
1414,2.6,0,4,312,1,0
1659,2.5,0,7,545,1,0
1540,0.7,1,7,1591,1,1
1342,1,0,7,2746,0,3
1189,2.3,0,3,893,0,0
518,2.4,0,6,2514,1,1
1449,0.8,1,1,1032,1,1
516,1.1,1,5,819,1,0
1569,0.8,1,3,3672,1,3
1312,0.8,1,6,3833,0,3
1893,0.5,1,8,1482,0,2
1076,2.5,0,5,2043,0,1
530,2.6,0,6,1229,0,0
1044,2.8,1,4,1816,1,1
1330,1.1,0,7,2166,0,2
1836,1.1,1,5,2469,1,2
1741,0.5,0,5,2575,1,2
1869,2.6,0,1,1375,0,1
1331,0.5,0,3,1732,1,1
1655,0.5,1,3,673,0,0
605,1.5,0,2,2301,0,1
1245,0.6,0,5,2676,0,2
1709,0.8,0,2,1781,0,2
846,2.6,0,4,2248,0,2
1403,2.5,1,4,921,0,0
688,1.5,0,3,391,1,0
775,2.5,1,7,1719,1,1
1154,2,0,5,3262,0,3
1375,0.5,1,2,1947,1,1
1827,0.8,0,7,2693,1,3
1697,0.5,0,4,441,0,0
741,1.5,0,5,1886,1,0
1672,0.5,1,1,1267,0,1
514,0.7,0,3,687,1,0
1375,1.3,1,1,2890,0,3
989,1.8,1,1,1737,1,1
1510,2.5,1,2,887,0,0
1266,2.6,0,7,398,1,0
1396,2.4,1,7,2389,1,2
808,2.3,0,1,3431,1,3
1542,2.3,0,2,3601,0,3
745,0.6,1,8,2459,0,1
1735,1.9,1,6,3230,0,3
586,0.5,1,2,3646,1,3
1341,2.1,1,8,2200,0,1
781,1.3,1,2,3862,0,3
501,0.5,1,6,3077,0,2
1224,1.8,1,2,621,1,0
1970,1.6,1,8,2372,0,2
618,2.2,1,2,2574,0,2
1537,2.9,0,4,2857,1,3
1018,2.2,0,8,3143,0,3
1545,1.3,1,5,3197,1,3
1871,2.1,0,8,2727,0,3
1729,2.1,1,1,1519,1,1
680,2.1,1,3,2438,0,2
1106,1.9,0,3,2674,1,2
635,0.6,1,5,2107,0,1
618,0.6,0,1,2262,0,2
1671,0.5,1,8,815,1,0
1562,1.2,1,7,2829,1,2
1975,1.9,1,1,3022,1,3
831,0.7,0,8,2573,1,2
1524,1.8,1,4,2678,1,2
1528,1.8,1,5,1282,1,1
1447,2.5,1,8,568,0,0
1344,1.5,0,1,2074,0,1
564,3,1,2,2227,1,1
921,0.6,1,2,1080,1,0
1413,1.7,0,6,2867,0,2
831,2.4,0,6,1075,0,0
802,0.5,1,5,3063,0,2
1923,1.3,0,4,2479,0,2
1193,3,0,3,2394,0,2
904,1.2,1,3,2814,0,2
1285,2.4,0,7,2094,0,1
1635,2.6,1,4,2315,0,2
1923,1,1,4,2519,1,2
1851,1.9,1,6,735,1,0
727,1.5,0,7,1891,1,1
1396,1.5,1,6,1386,1,1
877,1.3,1,1,3260,0,2
696,2.4,0,3,2022,1,1
1009,1,1,8,1716,0,1
1526,1.1,1,5,3317,1,3
987,2,1,7,1454,0,0
1414,2.2,1,4,2290,0,1
1732,0.8,0,5,3940,1,3
1587,0.5,0,8,461,1,0
1097,0.8,0,7,2219,1,2
504,2.8,1,3,470,0,0
1159,2.7,0,8,2495,1,2
1910,1.4,0,7,2944,1,2
865,1.2,1,3,2361,1,2
1930,2,0,8,1783,1,2
860,1.3,1,3,2832,1,2
1268,2.9,0,6,931,0,0
999,1.8,1,4,1344,0,0
622,0.7,0,2,3916,1,2
1250,1.4,0,7,1882,0,1
763,0.5,0,5,2865,1,2
1100,1.6,0,8,757,1,0
815,2,1,6,3469,1,3
618,0.5,1,3,2399,1,1
553,2.2,1,2,3300,0,3
673,2.2,1,2,2719,1,2
563,2,1,7,3012,0,2
1590,1.5,1,4,2836,0,3
1031,2.1,1,2,2385,0,2
909,0.5,1,3,594,1,0
1880,0.5,0,4,2968,0,3
1479,1.8,1,6,3762,0,3
1271,1.5,1,1,892,0,1
709,1.9,0,8,467,1,0
1744,2.8,0,1,345,0,0
1314,2.2,0,7,3033,1,3
1136,0.5,0,6,2110,1,2
1039,2.7,0,8,3105,1,2
1300,0.5,0,6,874,0,0
732,2.3,1,7,3681,1,3
511,0.7,1,2,3865,1,2
1092,0.5,1,3,737,0,0
921,2.2,1,7,3153,0,3
1030,0.5,0,1,2800,1,2
1130,1.8,1,1,315,0,0
1299,2.8,1,8,1412,1,1
1009,2.8,1,7,2286,0,2
1735,1.8,1,2,2392,1,2
1129,2.8,1,2,1857,1,1
708,1.9,0,7,1419,1,0
894,0.7,0,2,3305,0,2
530,2.4,0,6,959,0,0
1481,2,1,3,2635,1,2
1068,2.7,1,5,1754,1,1
1487,0.5,0,3,2563,0,2
1524,2.5,1,4,1936,1,1
1093,1.9,1,8,1869,1,1
1816,1.6,1,5,3637,1,3
627,1.8,0,3,896,0,0
989,0.7,0,3,2349,1,1
1895,0.5,0,1,774,0,1
805,1.7,1,3,3397,0,2
713,1.6,0,8,485,1,0
864,2.5,0,4,3964,0,3
1177,0.9,0,4,1887,1,1
582,0.5,0,3,2977,1,2
1898,1.8,1,7,2114,1,2
1158,0.7,1,2,1542,1,1
1451,0.5,0,8,3038,1,3
1820,1.4,0,7,2481,0,2
984,0.5,1,3,841,0,0
580,2.1,1,4,3565,1,2
1263,2,0,6,1958,1,2
1237,0.5,0,8,2454,1,2
514,1.6,0,1,3392,1,3
1515,2.6,0,3,262,0,0
721,0.5,1,4,530,1,0
603,2.5,1,3,3703,1,3
1426,2.5,0,1,2562,0,2
1820,1.7,1,1,574,0,1
1215,1,0,4,2632,1,2
697,2.7,1,2,259,1,0
717,0.5,1,1,688,0,0
1348,2,1,6,2554,0,2
1164,2.6,1,1,3859,0,3
578,0.5,0,5,2977,1,2
1971,0.5,1,7,571,0,0
1794,0.5,1,7,402,1,0
1558,2.5,0,5,878,1,0
1597,0.9,0,1,2130,0,2
1240,1.6,0,2,3260,1,3
1994,0.8,1,8,454,0,0
1221,2.3,0,7,2638,1,2
989,1.6,1,8,2819,1,2
1180,1.2,0,4,1464,1,1
718,2.8,0,6,1824,0,1
1670,1.6,1,8,876,0,1
534,2.5,0,7,2706,0,2
1566,0.5,1,2,659,1,1
1935,0.5,0,5,455,1,0
504,2.8,1,2,2378,0,2
913,1.7,1,1,2278,0,1
1317,1.8,1,5,3436,1,3
917,0.5,0,6,3424,0,3
712,2.5,1,6,401,1,0
1083,1,0,2,681,1,0
1039,0.6,0,6,3212,1,2
1747,0.5,0,6,3105,0,3
1449,0.5,1,6,2036,0,1
1872,0.5,1,7,3153,0,3
1796,1.6,1,4,1642,1,1
1097,1.4,0,1,509,0,0
1562,0.5,1,8,3465,0,3
1433,2.3,0,7,3900,1,3
740,1.8,0,1,1105,1,0
676,2.2,0,1,2064,0,1
503,1.8,1,1,3117,1,3
1020,1.5,0,3,1142,1,1
896,1,1,1,1060,1,1
1824,0.8,0,2,2381,0,2
1512,0.6,1,3,3366,1,3
1053,2.9,0,6,1339,1,0
1944,1.8,1,4,2560,0,3
1174,0.7,1,2,285,1,0
627,1.6,1,7,2476,0,1
1602,2.7,0,1,1862,1,1
1733,1.5,1,1,3488,1,3
586,1.4,1,8,3178,1,2
1528,2.4,0,8,733,0,0
875,0.7,0,7,756,0,0
1602,0.6,0,1,3622,1,3
1426,1.6,0,5,1277,0,1
1370,1.4,0,6,3703,0,3
609,0.5,0,6,1905,1,1
840,1.2,1,6,2636,0,2
991,2,0,5,2014,0,2
1724,1.8,0,2,3056,0,3
584,1.8,0,3,465,0,0
860,1.3,1,6,3869,1,3
1541,2.8,1,5,1108,1,1
615,0.5,1,5,1906,0,1
912,2.8,1,4,851,1,0
1278,1.2,0,7,3142,1,3
1365,0.6,0,4,1300,1,0
1702,1,0,5,1430,0,2
589,0.5,0,8,362,1,0
1347,1.5,1,1,2456,1,2
1644,2.8,0,8,2360,0,2
956,1.9,1,7,3700,0,3
1089,1.4,1,7,2620,0,2
871,0.6,0,3,437,0,0
664,1.5,0,2,3774,0,3
1874,0.6,0,2,1218,0,1
1928,2.6,0,5,696,1,0
888,2.6,1,2,3407,0,3
1077,1.7,1,7,3902,0,3
1023,2.3,1,8,2086,1,1
1426,0.8,0,3,1356,1,1
831,1.7,1,5,1704,1,0
1496,1.3,1,3,3571,1,3
1433,2.3,0,5,2132,1,1
1095,2.6,1,4,3209,1,3
643,0.7,1,1,2096,0,1
1142,1.1,0,4,1273,0,1
730,0.5,1,5,3623,0,2
1901,0.5,0,2,368,0,0
1510,0.6,1,3,854,1,1
1924,2.6,0,6,3646,1,3
1825,1.1,1,4,3130,1,3
1275,0.5,1,1,3784,0,3
987,2.3,0,7,3885,0,3
1538,2.3,0,7,1494,1,1
1965,0.5,0,5,2973,1,3
808,1.9,0,6,1471,0,0
712,0.5,0,2,2001,1,1
1507,0.9,1,5,1486,0,1
912,0.7,0,3,1321,1,0
769,1.2,0,8,1877,1,1
948,2.3,0,5,3499,1,3
507,1.9,1,1,2124,0,1
1384,2.8,1,3,1221,1,1
1766,1.3,0,8,2316,1,2
1407,1.8,1,4,1068,0,1
614,2.9,1,4,1930,1,1
1972,2.9,0,7,1316,0,1
1039,0.5,1,8,1742,0,1
511,3,1,8,3265,0,2
1811,2.5,0,4,2700,1,2
1159,1.5,0,4,2115,0,2
1848,1.3,1,2,3915,1,3
1988,0.5,0,8,3144,0,3
1469,0.5,0,7,1571,0,2
1423,0.6,0,5,2253,0,1
1974,0.5,1,6,1433,0,1
835,0.8,1,5,2583,1,2
1429,0.6,0,5,1817,0,1
947,0.5,0,2,2915,1,2
1446,2.8,1,8,3340,1,3
1332,1.3,1,7,2790,0,2
1498,1.2,1,4,577,0,0
1576,0.9,1,2,3220,0,3
1398,1.6,1,1,3488,0,3
1885,2.4,1,4,1277,1,1
798,0.5,1,2,3593,0,2
1436,2.5,1,8,2736,0,3
1998,1.2,0,8,2311,0,2
1321,1.3,0,8,1464,1,1
1021,1.3,0,2,1355,0,1
1339,2.3,1,2,2382,1,2
1210,1.6,1,4,1886,1,1
1949,0.5,1,5,832,0,1
882,0.7,1,6,751,1,0
1549,1.5,1,5,436,0,0
1991,2.2,1,1,722,0,0
796,0.5,0,1,1075,0,0
1012,0.5,1,4,2802,0,2
1318,1.9,1,2,1780,0,1
1708,0.8,0,4,1247,0,1
598,0.8,1,8,3066,0,2
541,2.3,0,8,403,0,0
818,0.5,1,5,2518,0,2
1414,0.5,0,2,1069,0,0
601,1.7,1,4,2651,1,2
561,2.8,1,7,2974,1,2
1616,2.3,1,5,657,0,0
1263,1.4,1,2,3372,0,3
1604,1.9,1,5,1464,0,1
539,2,1,4,1326,0,0
1071,2.6,0,4,3393,0,3
826,0.5,1,2,323,1,0
771,2.9,0,1,1628,0,1
1811,2.9,0,8,2610,0,3
1842,2.2,1,4,3721,1,3
1420,2.8,1,8,763,1,0
1763,0.5,1,3,792,1,0
1163,1.9,0,5,1568,0,1
1805,0.5,0,4,1276,0,1
610,1.6,1,4,3472,1,3
1533,1.1,1,4,2520,1,2
1924,0.5,0,2,3423,0,3
1801,0.5,1,6,258,0,0
1726,1.9,0,5,1868,0,2
794,2.5,1,3,2171,1,1
1686,0.5,1,5,780,0,0
1444,2.1,1,1,712,0,0
1004,1.6,1,8,1012,1,0
1242,2.4,0,4,318,0,0
539,1.5,0,6,3948,1,3
717,1.1,1,8,629,0,0
1540,0.7,1,7,1161,0,0
672,0.5,0,8,1403,0,0
1325,0.5,0,4,3707,0,3
950,0.5,0,8,1305,1,0
948,1.5,1,4,2926,1,2
1328,0.5,0,3,2674,1,2
1447,0.5,0,2,471,1,0
1973,0.5,1,8,1724,1,1
1731,2.3,1,4,1220,0,1
1617,1.5,0,2,2754,1,2
1791,0.5,1,5,594,1,0
851,2.3,1,2,1005,1,0
856,1.9,1,1,2439,1,1
714,0.5,0,4,2302,1,1
951,0.5,0,2,1083,0,0
1303,2.1,0,8,2219,1,2
1550,2.7,0,7,1571,0,2
1759,1.4,0,4,2107,0,2
1448,0.5,1,5,593,1,0
1987,1.9,0,8,857,0,1
908,2.1,0,5,3518,1,3
820,0.5,1,4,1284,1,0
904,2.7,1,6,545,0,0
667,1.3,1,6,3566,1,2
1109,2.1,0,1,2821,1,2
1333,1.4,0,7,3442,0,3
1352,2.4,0,6,1309,0,1
1600,2.5,1,6,1179,1,1
1454,1.4,1,8,1713,0,1
1489,2.1,1,3,1663,1,1
1823,2.8,1,8,1812,1,2
1581,1,0,4,1384,1,1
1672,1.7,1,8,1348,1,1
1283,0.7,1,4,3957,0,3
630,2,0,8,1212,0,0
659,2.2,0,8,3925,1,3
1811,0.5,1,6,348,1,0
688,2.5,0,5,1382,0,1
514,2.9,1,2,980,1,0
1933,2.8,1,3,838,0,0
915,2,0,3,378,0,0
1006,2.2,1,4,909,1,0
1134,0.9,0,4,3632,0,3
599,2.9,0,8,3396,0,2
973,0.5,1,5,1861,0,1
1180,2.5,0,6,348,1,0
1237,2.5,0,4,2528,0,2
659,0.5,1,8,2190,0,1
1142,1.4,1,8,663,1,0
1002,2.7,1,6,961,1,0
1392,2.5,0,4,1280,1,1
602,0.9,0,8,2189,0,2
1249,0.5,0,3,531,1,0
531,0.5,1,4,2331,1,1
1450,2.1,0,5,794,1,1
1342,2.8,0,1,2644,1,2
832,0.5,0,1,1666,1,1
867,1.5,0,4,2157,0,1
1404,2.1,0,1,1196,1,1
840,0.9,1,6,2072,0,2
1368,0.5,0,1,1590,0,1
1927,0.9,1,8,2916,1,3
1714,0.5,1,2,3707,1,3
1201,0.5,0,6,726,0,0
1796,2.3,0,2,3577,0,3
1147,0.8,1,6,2627,1,2
776,1.7,0,4,685,1,0
510,2.6,0,6,1693,0,1
1045,1.2,1,6,2137,1,2
1497,0.9,1,8,3696,1,3
1425,0.6,0,3,3771,1,3
726,2.2,0,4,1342,1,0
1576,2,0,3,1379,1,1
714,2.1,1,3,1164,0,1
1595,1.9,1,1,908,1,1
541,1,0,4,1019,0,1
1617,2.6,0,6,3685,0,3
1154,1.1,1,1,1470,0,1
1638,1,0,1,2299,1,2
1150,2.7,0,8,999,0,0
1254,2.3,0,1,3011,0,2
1806,2,1,1,3142,1,3
603,1.5,0,6,1543,0,1
1834,2.1,0,4,3692,0,3
520,2.3,0,6,2753,1,1
565,0.6,1,2,2156,1,1
1689,0.5,0,5,2637,0,2
742,2.3,0,8,331,0,0
1143,1.2,1,3,1214,0,1
761,0.5,0,7,2248,1,2
959,1.3,1,5,3073,1,3
772,1.2,1,7,422,0,0
1015,0.8,0,3,2293,0,1
1824,1.9,1,1,3958,0,3
1130,0.5,1,1,432,1,0
1183,0.5,1,8,1152,0,0
574,2,1,6,1303,1,0
1472,3,0,2,797,0,0
1868,0.5,0,8,298,0,0
1375,2.9,0,6,3847,1,3
881,1,0,3,2110,1,1
1742,0.5,1,3,1921,0,2
1225,0.7,1,2,2423,0,2
1970,0.5,1,2,1658,1,2
1186,0.5,1,8,2361,0,1
1762,0.7,0,4,1380,0,1
1731,1.4,1,6,3892,1,3
852,1.8,1,5,315,0,0
848,1.5,1,4,2289,1,1
1575,2.5,1,7,2182,0,2
1554,2.8,1,6,2184,1,2
1972,1.6,0,8,2872,1,3
827,0.6,1,6,2367,1,1
1063,1.5,0,4,1919,0,1
1695,2.3,1,5,3296,0,3
1343,2.4,1,8,462,1,0
834,0.5,0,1,1591,0,1
595,2.6,0,2,1593,1,0
1081,1.9,1,7,2456,0,1
911,1.4,1,4,2933,0,3
844,2.2,1,7,3154,0,3
1335,3,0,2,3615,0,3
1883,1.6,0,1,3563,0,3
1128,0.5,1,8,1440,0,1
826,2.4,1,2,1907,0,1
1650,2.3,0,1,324,1,0
1162,1,0,4,1404,1,1
1517,2.5,0,4,2738,0,2
963,0.5,0,3,2722,0,2
1837,1,1,8,2294,1,3
1028,2.8,0,1,1424,1,1
1831,2.2,1,8,1133,0,1
571,2,1,6,555,1,0
1770,2.3,0,6,3785,1,3
970,1.3,1,7,3675,0,3
642,0.5,0,5,435,0,0
622,1.9,1,8,3183,1,2
600,1.8,0,2,3495,0,2
1412,0.6,0,3,1853,1,1
733,0.8,0,4,2648,0,2
1070,3,0,7,2647,0,2
875,0.7,1,8,702,1,0
1994,0.7,0,2,1836,0,2
823,1,1,5,3894,0,3
1908,0.5,0,2,2944,1,3
790,0.5,1,8,3424,0,3
1330,1.8,1,1,2678,1,2
1660,0.5,0,8,2424,0,2
1776,2.2,0,6,2671,1,3
1611,0.5,1,1,3078,1,2
1410,0.5,1,3,2304,0,2
1772,1.6,0,2,1146,0,1
1280,1.3,0,7,2335,1,1
1712,0.9,1,7,1422,0,1
1562,0.7,0,8,2096,0,2
891,1.9,1,6,1303,1,0
1957,1.2,1,2,1115,1,1
1110,0.6,0,5,456,0,0
875,1.4,1,8,3396,0,3
1211,1.2,0,2,2750,0,2
769,0.5,1,4,941,1,0
671,2.9,0,6,2278,0,2
1872,0.5,0,4,2273,1,2
1076,2.3,1,5,2355,1,2
1325,1.9,0,1,2328,0,2
911,2.2,1,2,2638,1,1
1273,0.7,0,6,558,0,0
1062,0.5,0,4,1345,1,0
1317,1.5,0,2,425,1,0
940,2.9,0,4,2192,1,1
729,2,0,6,3397,1,2
1494,2.4,0,7,1208,0,1
1546,1.6,1,2,267,0,0
1253,0.7,0,4,3518,1,3
895,0.5,1,8,3122,1,2
793,1.9,1,8,1050,1,0
1628,1.8,1,2,3358,1,3
625,2.7,1,8,2929,0,2
1110,1.5,0,8,624,0,0
999,1.7,0,1,1598,0,1
1856,0.5,1,5,2052,0,2
1715,2.6,1,6,1249,0,1
1897,1.9,0,2,412,0,0
1202,2.4,1,2,595,0,0
1171,1.7,1,7,263,0,0
964,2,0,8,2577,0,2
1973,2.4,1,4,639,1,0
1992,0.6,1,1,3206,0,3
546,2.6,1,5,1550,0,1
1093,0.5,0,2,1646,0,1
1880,2,0,4,1930,0,2
1765,1.1,0,2,3695,0,3
1640,0.5,1,8,3235,1,3
1830,0.5,0,6,2334,0,2
826,0.6,0,4,1998,0,1
1864,2.2,0,1,2258,0,2
586,0.6,0,7,1869,1,1
1206,3,1,3,1825,1,2
832,0.5,1,5,3946,1,3
848,2.8,0,7,436,1,0
1851,2.9,0,6,2678,0,2
1166,0.5,0,1,3887,1,3
1776,2.1,1,4,1813,1,1
1254,1.2,0,2,817,1,0
1494,1.6,1,1,3614,0,3
984,2.2,1,8,2013,0,1
1179,0.8,0,5,543,1,0
513,1.9,0,8,3400,1,2
557,0.5,1,6,2623,0,1
744,1.7,1,4,2700,0,2
1129,0.8,1,2,1400,0,1
1148,2.3,1,5,3127,0,2
1793,2.7,0,5,2803,1,3
1310,2.3,1,5,2518,1,2
1604,1.2,0,6,3564,0,3
1676,1.6,0,1,2515,1,2
1001,2.8,1,3,3654,1,3
1086,2.7,0,8,3930,1,3
1986,0.5,1,7,3476,0,3
634,0.8,0,1,3242,1,3
502,0.8,0,6,2666,0,2
1641,1.1,0,8,1695,1,2
623,1.4,1,3,3510,1,2
962,1.1,1,8,3438,0,3
1057,2.7,0,4,2033,0,1
1862,1.5,0,1,1017,0,1
555,3,1,2,1686,1,1
1000,2.7,0,5,862,0,0
841,0.5,0,5,957,0,0
865,2.9,0,4,3494,1,3
999,2.6,1,4,3083,1,2
1232,1.2,0,6,1656,1,1
1194,2.3,0,2,313,0,0
612,0.5,1,8,3282,1,3
1362,2.9,0,6,3629,1,3
1469,1.7,1,2,1687,1,1
986,0.8,0,4,1149,0,0
1843,2.8,0,3,3899,1,3
1561,0.5,1,2,1783,0,2
1695,0.5,1,5,1629,0,1
667,2.6,1,1,2528,0,2
1768,2,0,7,3256,0,3
1269,2.8,1,8,2341,1,2
1109,2.8,1,1,2785,0,2
936,0.5,1,3,3761,0,3
1713,2,0,6,1513,1,1
1175,1.7,1,2,2240,0,1
1940,1,1,4,820,1,1
855,0.5,0,2,1875,1,1
771,0.5,1,3,920,1,0
645,2.5,0,4,3615,1,2
1307,1.8,0,7,1412,1,1
1948,2.9,1,1,361,0,0
1509,0.6,1,4,1540,0,1
626,2.8,1,2,1077,1,0
1190,2,1,5,3610,1,3
1727,2.1,1,6,512,0,0
1670,3,0,8,3024,1,3
1150,0.5,1,1,1610,0,1
1208,2.9,0,1,2201,0,1
1812,1.3,1,7,3338,1,3
770,1.5,1,4,3473,1,3
1559,1.3,1,8,2203,1,1
1902,0.5,0,4,940,0,1
1751,2.5,0,8,1155,1,1
1416,1.8,1,4,3872,1,3
1288,0.5,1,6,1882,1,2
1003,2.9,0,8,1798,0,1
1715,0.5,1,6,2598,0,3
1967,0.5,0,1,1567,0,1
962,1,1,1,1491,0,1
1487,1.5,0,2,2003,0,2
1569,1.6,1,4,3905,0,3
1146,3,0,5,291,1,0
1379,1.5,0,8,1693,1,1
1504,1.9,1,4,1788,1,1
1945,1.2,0,6,3322,1,3
1630,2.8,1,6,1751,1,2
1125,2.7,0,1,1641,0,1
614,0.7,0,7,2854,1,2
854,1,0,4,3115,0,2
1470,1.7,1,1,3259,1,3
1826,0.5,1,8,1612,0,2
807,0.5,1,4,2319,0,1
1996,2.8,1,5,1258,0,1
1083,2,0,5,1543,1,1
1035,0.5,1,2,3991,0,3
1521,1.6,0,1,3555,0,3
1314,2.8,1,4,3411,0,3
535,1.9,0,8,524,0,0
673,1.9,0,6,3541,1,3
1219,1.6,1,6,1998,0,2
1606,0.5,1,5,3437,0,3
1603,0.5,1,2,1637,1,1
1958,0.5,0,1,3064,0,3
695,0.5,0,2,2855,1,2
1441,0.6,1,1,1393,1,1
1470,2.2,1,7,1633,0,2
1890,1.1,0,4,2392,1,3
1152,2.1,1,2,3284,1,3
1619,0.9,0,6,464,1,0
1002,1.8,0,7,1234,0,0
742,0.5,0,3,292,1,0
1306,2.1,1,3,2521,0,2
1424,2.9,1,5,2658,0,2
942,1.4,1,4,587,1,0
1934,2.7,0,4,2190,1,2
1290,1.4,1,4,879,0,0
930,2.1,1,1,1743,0,2
1699,0.5,0,4,1181,0,1
1849,0.5,0,7,3330,1,3
1922,0.5,0,8,3564,0,3
548,1,1,4,562,1,0
916,0.5,0,4,1659,0,1
1783,0.5,0,8,1816,1,2
1083,1.4,1,5,1338,1,0
1698,2.8,0,8,2992,0,2
1969,0.8,1,8,315,0,0
869,1.9,0,7,3249,1,2
1337,2.7,1,4,3242,0,2
637,0.8,1,4,2725,0,2
833,0.6,1,4,586,1,0
1248,2.4,0,3,2454,0,2
1174,0.9,0,4,804,1,0
1831,2.3,0,7,2460,0,2
1002,2.6,1,1,1295,1,0
1010,2,1,5,2625,0,2
1117,0.5,1,2,1999,1,1
990,2.7,1,2,2698,0,2
1564,1.4,0,6,3742,0,3
1065,2.8,1,5,1193,1,1
1982,1.1,0,7,3511,1,3
1607,1.1,1,2,885,0,0
1066,3,1,5,1044,0,0
681,0.5,1,5,2548,1,2
1163,2.1,1,2,2940,1,2
1285,0.8,1,5,3966,1,3
753,0.5,0,8,3484,0,3
1779,2.6,1,1,1246,0,1
987,1.9,0,3,2757,0,2
511,0.9,1,3,2378,0,1
1044,1.8,0,6,1794,1,1
1855,0.5,0,8,3933,1,3
946,1.4,0,6,1637,1,0
657,1.9,1,8,783,0,0
1673,1.6,0,5,3094,0,2
731,0.5,1,8,1774,0,1
926,0.8,0,7,256,1,0
1261,0.5,0,2,1365,1,1
618,1.1,0,3,2339,0,2
936,2.3,0,2,2049,0,1
1485,0.9,1,5,3241,0,3
1339,0.5,1,4,867,0,0
508,1.3,0,5,2175,1,1
1938,0.5,1,2,3497,0,3
995,1.3,1,4,609,1,0
1086,1.7,1,6,3285,0,2
1322,2.3,1,1,3684,0,3
1864,1.9,1,6,3586,1,3
1944,0.5,0,4,2322,1,2
581,0.6,0,2,354,1,0
1020,0.7,1,4,3204,1,3
1936,1.3,0,3,1400,1,1
1329,1.7,0,8,2308,0,1
808,0.5,1,8,1082,1,0
994,1.2,1,2,3104,0,2
1811,2,0,2,2847,1,2
765,2.5,0,8,2256,1,2
993,2.3,1,7,1113,1,0
1136,1.6,0,6,3210,1,3
719,0.5,1,6,3990,1,3
733,0.6,1,7,984,1,0
1946,2.7,1,8,3117,0,3
1230,1.6,0,7,1622,1,2
1577,1,1,3,2967,1,3
1514,1.4,0,3,1037,1,0
579,2.5,0,8,2908,1,2
574,3,0,2,1167,0,0
1072,2.2,1,8,2715,0,2
843,1.3,1,7,1734,1,1
1492,1.5,0,3,2259,1,3
1807,2.9,0,3,2921,0,3
909,0.7,1,3,1244,0,0
1876,1.3,1,3,3132,1,3
1436,2.4,1,5,2488,0,2
1251,0.5,1,6,1052,0,0
636,0.5,0,2,2927,0,2
1354,0.7,1,4,2090,0,1
930,0.5,1,4,2131,1,2
1830,1,0,1,3362,0,3
1424,0.5,1,4,1053,1,1
583,0.9,1,8,1799,0,1
648,0.5,1,5,3124,0,3
1203,0.5,1,2,1672,0,0
1777,2.2,1,4,1552,0,1
1299,2.8,1,6,1938,1,1
1494,1.9,0,2,3202,0,3
527,0.7,1,1,1302,0,0
793,2.8,1,4,2296,0,1
873,0.5,1,7,575,1,0
722,1.1,0,6,2359,0,1
1250,1.5,0,5,3314,1,2
1358,1.7,0,3,440,0,0
1035,1.9,1,6,2002,0,1
1289,0.8,1,6,3167,0,3
1445,2.2,1,2,3480,1,3
1702,2.3,1,2,595,1,1
534,0.5,1,5,2466,1,2
628,1.8,0,6,1337,0,1
713,1.4,1,1,1462,1,0
1207,0.5,0,8,503,0,0
683,2.1,0,7,2066,0,1
594,2.6,0,5,708,1,0
537,2,0,7,2029,1,1
1565,0.5,0,5,308,1,0
1052,0.9,0,4,552,1,0
713,1.6,0,2,2082,0,1
1766,0.5,1,5,3314,1,3
584,1.7,1,4,3996,1,3
1541,1.5,1,4,1795,1,1
837,2.4,1,5,594,1,0
935,0.5,1,5,2473,1,2
665,0.7,0,5,690,0,0
680,2.4,0,2,3845,1,3
877,1.5,1,7,2004,1,1
1493,1.5,1,5,2083,1,2
1762,0.6,0,6,2661,0,2
842,1.8,1,3,1903,0,1
925,2.1,0,1,2466,0,2
1692,2.1,0,1,3779,1,3
1576,2.2,0,3,3904,1,3
1065,1.7,1,6,265,0,0
958,1.6,0,1,1417,1,0
623,0.8,0,7,1769,0,1
897,1.4,1,1,2948,1,2
1110,1.5,0,3,2572,1,2
616,2.2,0,7,3267,0,2
1680,1.2,1,4,1459,0,1
1715,1.3,0,8,1633,1,2
983,0.6,1,4,2052,1,1
720,0.9,1,4,1086,0,0
1660,0.6,0,2,2402,1,2
1564,1.5,1,2,3376,0,3
592,0.8,1,7,1507,1,0
969,1.8,1,3,641,1,0
1356,0.5,1,1,3451,1,3
504,1,0,7,1607,1,0
1546,0.5,1,1,3521,0,3
689,2.9,1,2,1241,0,0
1685,0.6,0,7,881,1,0
1792,1,0,7,2563,1,3
1786,1.2,0,3,3033,0,3
1944,0.6,1,7,769,1,0
1077,2.5,0,4,3454,1,3
648,1.8,0,4,819,0,0
1702,0.5,1,6,435,1,0
1571,2.9,0,7,586,1,0
856,1.1,1,6,650,1,0
1786,2.6,0,4,3038,0,3
914,0.7,0,5,3736,0,3
1615,2.8,0,1,2948,0,2
649,1.4,0,7,739,0,0
1646,2.5,0,2,686,0,0
1189,1.9,0,2,841,0,0
1043,2.7,0,8,1183,0,0
1920,0.6,1,3,3943,0,3
1220,2.8,0,7,1037,0,0
1748,0.5,1,4,2633,0,2
907,2.6,1,3,3911,0,3
1193,2.3,0,7,1958,0,2
1766,0.5,1,8,3297,0,3
1278,1,0,3,3141,1,3
1234,1.7,1,6,3351,1,2
1961,1.5,0,7,2355,1,3
1745,2.9,0,3,1308,0,1
1442,0.6,1,5,991,0,0
1083,2.9,1,8,3248,1,2
868,0.9,0,4,1519,1,0
864,1.6,1,6,493,0,0
1142,1.2,0,6,1747,0,1
608,0.5,1,4,2517,1,1
983,1.8,0,1,1389,1,1
1720,1.6,0,5,2522,1,2
1802,1.2,1,5,1885,0,2
591,2.1,1,7,704,1,0
1205,2.7,0,6,953,1,0
1369,1.7,1,1,3206,0,3
713,0.9,1,1,928,1,0
1082,2.3,1,4,2177,0,1
1719,2.1,1,3,2610,1,2
1544,2.4,0,7,489,1,0
1090,2.3,0,8,3839,1,3
1991,2.8,0,1,1861,1,1
1367,2.9,0,2,299,0,0
1179,0.5,0,2,340,0,0
721,2.7,1,5,3606,1,3
1549,1.8,1,4,799,1,0
1349,2.1,1,6,2367,1,1
1799,1,0,3,445,0,0
1075,0.5,1,1,3927,0,3
684,0.9,1,5,3756,1,3
1837,0.5,0,4,770,1,0
1619,1.9,0,1,1641,0,1
965,1.4,0,8,2343,0,2
730,1.5,0,4,2787,1,2
1361,1.4,0,5,2495,1,2
1494,1.6,0,5,3208,0,3
1027,0.8,0,7,1234,1,0
1807,0.8,1,8,1069,0,1
709,2.4,1,5,3568,1,3
689,1.4,0,5,3585,0,3
955,0.5,0,4,1974,0,1
1872,1.9,0,3,2419,0,3
1259,1.2,1,2,340,1,0
695,1.2,0,8,2282,0,1
1969,1.2,1,4,298,0,0
759,2.5,0,2,968,0,0
936,1,0,3,2391,1,2
1176,2.1,0,2,1534,0,1
1802,2.7,1,7,696,0,0
772,1,1,7,2782,0,2
1318,2.4,0,2,755,1,0
591,0.5,1,6,3746,0,3
569,2.5,1,1,2651,0,1
764,1,1,8,1341,0,0
1056,2.1,1,3,2651,1,2
1982,1.6,0,5,1824,1,1
1830,0.5,0,6,1905,1,2
1122,0.5,0,7,1456,0,1
1023,0.7,0,7,3155,1,3
1283,2.4,1,3,773,0,0
1602,1.6,1,7,1829,0,2
732,1.3,0,8,3883,1,3
1854,0.9,1,1,1675,1,1
718,1.6,1,3,1601,1,1
897,2,0,8,1958,0,1
1405,1.7,0,4,2376,0,2
798,0.6,1,2,1647,0,1
1035,2.7,0,5,3548,1,3
1396,0.6,0,4,2694,1,2
1749,0.5,1,1,2195,1,2
1588,2.5,0,5,2506,0,2
1600,0.5,0,4,2073,0,2
1522,2.2,0,6,3767,1,3
1279,2.5,0,6,1150,0,1
719,2.9,0,6,841,0,0
544,0.5,1,5,1675,0,0
1007,2.9,1,8,1301,0,0
590,1.2,1,6,1817,0,0
1788,0.5,0,6,2321,0,2
748,1.4,0,7,1974,1,1
757,0.9,1,7,3433,0,2
1561,1.6,1,3,1205,0,1
1327,2.8,0,7,872,1,0
797,1.5,1,8,2052,1,1
727,2.5,1,1,3654,0,3
686,2.7,1,4,1503,0,0
1515,2.1,1,5,3104,0,3
555,0.5,1,5,343,1,0
1589,0.6,0,5,3430,1,3
1976,2.6,1,4,2470,0,3
1884,1,1,6,1396,1,1
1063,2,0,6,2668,0,2
672,0.6,1,5,1457,1,0
635,0.5,0,7,2452,0,2
1906,1.9,1,3,1871,1,1
1753,0.7,0,4,1112,1,1
659,1.4,1,8,967,1,0
1583,1.2,1,2,2498,1,2
1783,2.9,1,6,387,0,1
1667,1,1,2,635,0,0
640,1.3,1,8,2711,0,2
1913,1.8,0,5,2023,0,2
538,1.1,1,7,2215,1,1
1191,0.8,0,6,824,0,0
816,3,1,1,3851,1,3
915,0.5,1,2,2156,0,1
1157,0.8,0,8,2885,1,3
1201,0.5,0,7,495,1,0
1379,1.1,1,2,2358,0,2
1483,2.2,0,5,1744,0,1
1614,1.2,0,3,1832,0,1
930,1,1,8,2016,1,1
1454,2.6,0,3,1300,1,1
1784,1.6,0,6,2313,0,2
1262,1.8,1,5,3248,1,2
797,2.2,1,7,2216,0,1
1829,2.1,0,5,3142,1,3
1139,0.9,1,2,1850,0,1
618,1,0,4,1424,0,0
1547,2.9,0,1,1620,1,1
586,2.8,0,3,2592,0,1
1617,2.4,0,1,296,0,0
1882,2,0,8,3579,0,3
674,2.9,1,3,1180,1,0
1467,0.5,0,5,3962,1,3
858,2.2,0,1,3978,0,3
794,0.5,1,6,668,0,0
1965,2.6,1,4,2032,1,2
1911,0.9,1,8,3057,0,3
1512,0.9,0,5,869,1,0
510,2,1,6,3919,1,3
